gift,brand,description,occasion,sport,budget
Trek Bike Lights,Trek,High-quality bike lights perfect for cycling enthusiasts.,Father's Day,cycling,high
Specialized Bike Lights,Specialized,High-quality bike lights perfect for cycling enthusiasts.,Mother's Day,cycling,high
Title Boxing Shoes,Title,High-quality boxing shoes perfect for boxing enthusiasts.,Mother's Day,boxing,high
Head Headband,Head,High-quality headband perfect for tennis enthusiasts.,Graduation,tennis,mid
Adidas Training Jersey,Adidas,High-quality training jersey perfect for football enthusiasts.,Graduation,football,low
Asics GPS Watch,Asics,High-quality gps watch perfect for running enthusiasts.,Anniversary,running,mid
Polar GPS Watch,Polar,High-quality gps watch perfect for running enthusiasts.,Mother's Day,running,high
Fitbit Gym Bag,Fitbit,High-quality gym bag perfect for gym enthusiasts.,Father's Day,gym,high
Ringside Boxing Shoes,Ringside,High-quality boxing shoes perfect for boxing enthusiasts.,Christmas,boxing,low
Nike Shooting Sleeve,Nike,High-quality shooting sleeve perfect for basketball enthusiasts.,Father's Day,basketball,mid
Wilson Headband,Wilson,High-quality headband perfect for tennis enthusiasts.,Birthday,tennis,low
Everlast Mouth Guard,Everlast,High-quality mouth guard perfect for boxing enthusiasts.,Anniversary,boxing,high
Li-Ning Badminton Racket,Li-Ning,High-quality badminton racket perfect for badminton enthusiasts.,Mother's Day,badminton,mid
Nike Soccer Ball,Nike,High-quality soccer ball perfect for football enthusiasts.,Mother's Day,football,mid
Adidas Gym Bag,Adidas,High-quality gym bag perfect for gym enthusiasts.,Birthday,gym,high
Victor Racket Bag,Victor,High-quality racket bag perfect for badminton enthusiasts.,Birthday,badminton,mid
Li-Ning Grip Tape,Li-Ning,High-quality grip tape perfect for badminton enthusiasts.,Father's Day,badminton,high
Head Tennis Racket,Head,High-quality tennis racket perfect for tennis enthusiasts.,Christmas,tennis,low
New Balance Performance Socks,New Balance,High-quality performance socks perfect for running enthusiasts.,Father's Day,running,low
Specialized Bike Lights,Specialized,High-quality bike lights perfect for cycling enthusiasts.,Graduation,cycling,mid
Wilson Basketball,Wilson,High-quality basketball perfect for basketball enthusiasts.,Mother's Day,basketball,mid
Puma Fitness Tracker,Puma,High-quality fitness tracker perfect for gym enthusiasts.,New Year,gym,mid
Trek Cycling Gloves,Trek,High-quality cycling gloves perfect for cycling enthusiasts.,Birthday,cycling,low
Under Armour Soccer Ball,Under Armour,High-quality soccer ball perfect for football enthusiasts.,New Year,football,low
Polar Running Shorts,Polar,High-quality running shorts perfect for running enthusiasts.,Graduation,running,mid
Wilson Tennis Balls,Wilson,High-quality tennis balls perfect for tennis enthusiasts.,Mother's Day,tennis,high
Victor Badminton Racket,Victor,High-quality badminton racket perfect for badminton enthusiasts.,Valentine's Day,badminton,low
Spalding Basketball,Spalding,High-quality basketball perfect for basketball enthusiasts.,Graduation,basketball,high
Under Armour Soccer Cleats,Under Armour,High-quality soccer cleats perfect for football enthusiasts.,Mother's Day,football,mid
Wilson Tennis Shoes,Wilson,High-quality tennis shoes perfect for tennis enthusiasts.,Valentine's Day,tennis,mid
Wilson Training Shorts,Wilson,High-quality training shorts perfect for basketball enthusiasts.,Anniversary,basketball,mid
Babolat Tennis Balls,Babolat,High-quality tennis balls perfect for tennis enthusiasts.,Graduation,tennis,mid
Title Boxing Gloves,Title,High-quality boxing gloves perfect for boxing enthusiasts.,Valentine's Day,boxing,low
Victor Badminton Racket,Victor,High-quality badminton racket perfect for badminton enthusiasts.,Father's Day,badminton,mid
Nike Fitness Tracker,Nike,High-quality fitness tracker perfect for gym enthusiasts.,Graduation,gym,low
Speedo Swim Cap,Speedo,High-quality swim cap perfect for swimming enthusiasts.,Mother's Day,swimming,mid
Puma Shin Guards,Puma,High-quality shin guards perfect for football enthusiasts.,Graduation,football,high
Speedo Training Fins,Speedo,High-quality training fins perfect for swimming enthusiasts.,Anniversary,swimming,high
Puma Fitness Tracker,Puma,High-quality fitness tracker perfect for gym enthusiasts.,Mother's Day,gym,low
New Balance Hydration Belt,New Balance,High-quality hydration belt perfect for running enthusiasts.,Valentine's Day,running,low
Spalding Training Shorts,Spalding,High-quality training shorts perfect for basketball enthusiasts.,Birthday,basketball,high
Title Hand Wraps,Title,High-quality hand wraps perfect for boxing enthusiasts.,New Year,boxing,mid
Nike Training T-Shirt,Nike,High-quality training t-shirt perfect for gym enthusiasts.,Anniversary,gym,mid
Victor Racket Bag,Victor,High-quality racket bag perfect for badminton enthusiasts.,Mother's Day,badminton,high
Decathlon Yoga Block,Decathlon,High-quality yoga block perfect for yoga enthusiasts.,Mother's Day,yoga,low
Garmin Running Shorts,Garmin,High-quality running shorts perfect for running enthusiasts.,Christmas,running,mid
Everlast Boxing Shoes,Everlast,High-quality boxing shoes perfect for boxing enthusiasts.,New Year,boxing,mid
Head Tennis Racket,Head,High-quality tennis racket perfect for tennis enthusiasts.,Anniversary,tennis,low
Ringside Boxing Shoes,Ringside,High-quality boxing shoes perfect for boxing enthusiasts.,Mother's Day,boxing,high
Garmin Bike Computer,Garmin,High-quality bike computer perfect for cycling enthusiasts.,Graduation,cycling,high
Fitbit Workout Gloves,Fitbit,High-quality workout gloves perfect for gym enthusiasts.,Christmas,gym,high
Arena Swim Goggles,Arena,High-quality swim goggles perfect for swimming enthusiasts.,Birthday,swimming,low
Ringside Boxing Shoes,Ringside,High-quality boxing shoes perfect for boxing enthusiasts.,Birthday,boxing,low
Manduka Balance Ball,Manduka,High-quality balance ball perfect for yoga enthusiasts.,Valentine's Day,yoga,mid
Under Armour Soccer Ball,Under Armour,High-quality soccer ball perfect for football enthusiasts.,Father's Day,football,low
Trek Cycling Helmet,Trek,High-quality cycling helmet perfect for cycling enthusiasts.,New Year,cycling,low
Wilson Sports Duffel Bag,Wilson,High-quality sports duffel bag perfect for basketball enthusiasts.,Father's Day,basketball,high
Head Tennis Shoes,Head,High-quality tennis shoes perfect for tennis enthusiasts.,Father's Day,tennis,mid
Under Armour Goalkeeper Gloves,Under Armour,High-quality goalkeeper gloves perfect for football enthusiasts.,New Year,football,high
Garmin Running Shorts,Garmin,High-quality running shorts perfect for running enthusiasts.,Graduation,running,mid
Victor Racket Bag,Victor,High-quality racket bag perfect for badminton enthusiasts.,New Year,badminton,high
Polar Running Shorts,Polar,High-quality running shorts perfect for running enthusiasts.,Valentine's Day,running,mid
TYR Training Fins,TYR,High-quality training fins perfect for swimming enthusiasts.,Father's Day,swimming,low
Nike Fitness Tracker,Nike,High-quality fitness tracker perfect for gym enthusiasts.,Christmas,gym,low
Everlast Punching Bag,Everlast,High-quality punching bag perfect for boxing enthusiasts.,Graduation,boxing,high
Nike Basketball,Nike,High-quality basketball perfect for basketball enthusiasts.,New Year,basketball,low
Manduka Stretch Strap,Manduka,High-quality stretch strap perfect for yoga enthusiasts.,Christmas,yoga,mid
Nike Shin Guards,Nike,High-quality shin guards perfect for football enthusiasts.,Birthday,football,high
Title Boxing Gloves,Title,High-quality boxing gloves perfect for boxing enthusiasts.,Father's Day,boxing,mid
Li-Ning Racket Bag,Li-Ning,High-quality racket bag perfect for badminton enthusiasts.,Birthday,badminton,mid
Specialized Water Bottle Holder,Specialized,High-quality water bottle holder perfect for cycling enthusiasts.,Valentine's Day,cycling,high
Manduka Stretch Strap,Manduka,High-quality stretch strap perfect for yoga enthusiasts.,Father's Day,yoga,low
Nike Training Shorts,Nike,High-quality training shorts perfect for basketball enthusiasts.,Christmas,basketball,mid
Li-Ning Badminton Racket,Li-Ning,High-quality badminton racket perfect for badminton enthusiasts.,Graduation,badminton,mid
Arena Training Fins,Arena,High-quality training fins perfect for swimming enthusiasts.,Anniversary,swimming,low
Under Armour Goalkeeper Gloves,Under Armour,High-quality goalkeeper gloves perfect for football enthusiasts.,Father's Day,football,high
Babolat Tennis Shoes,Babolat,High-quality tennis shoes perfect for tennis enthusiasts.,Birthday,tennis,low
Wilson Tennis Racket,Wilson,High-quality tennis racket perfect for tennis enthusiasts.,New Year,tennis,mid
Adidas Resistance Bands,Adidas,High-quality resistance bands perfect for gym enthusiasts.,Graduation,gym,low
Decathlon Meditation Cushion,Decathlon,High-quality meditation cushion perfect for yoga enthusiasts.,Valentine's Day,yoga,low
Nike Training Fins,Nike,High-quality training fins perfect for swimming enthusiasts.,Christmas,swimming,low
Nike Swimsuit,Nike,High-quality swimsuit perfect for swimming enthusiasts.,Birthday,swimming,mid
Nike Performance Socks,Nike,High-quality performance socks perfect for running enthusiasts.,New Year,running,low
Ringside Boxing Gloves,Ringside,High-quality boxing gloves perfect for boxing enthusiasts.,Christmas,boxing,low
Under Armour Training Jersey,Under Armour,High-quality training jersey perfect for football enthusiasts.,Valentine's Day,football,low
Decathlon Yoga Mat,Decathlon,High-quality yoga mat perfect for yoga enthusiasts.,Birthday,yoga,low
Garmin Water Bottle Holder,Garmin,High-quality water bottle holder perfect for cycling enthusiasts.,Anniversary,cycling,low
Decathlon Stretch Strap,Decathlon,High-quality stretch strap perfect for yoga enthusiasts.,Mother's Day,yoga,mid
Nike Training Shorts,Nike,High-quality training shorts perfect for basketball enthusiasts.,Mother's Day,basketball,mid
TYR Swim Cap,TYR,High-quality swim cap perfect for swimming enthusiasts.,Graduation,swimming,low
Babolat Tennis Shoes,Babolat,High-quality tennis shoes perfect for tennis enthusiasts.,New Year,tennis,mid
Speedo Kickboard,Speedo,High-quality kickboard perfect for swimming enthusiasts.,Father's Day,swimming,low
Ringside Mouth Guard,Ringside,High-quality mouth guard perfect for boxing enthusiasts.,Father's Day,boxing,high
Spalding Basketball,Spalding,High-quality basketball perfect for basketball enthusiasts.,New Year,basketball,high
Under Armour Training T-Shirt,Under Armour,High-quality training t-shirt perfect for gym enthusiasts.,Birthday,gym,mid
Asics Running Shoes,Asics,High-quality running shoes perfect for running enthusiasts.,Mother's Day,running,high
Li-Ning Racket Bag,Li-Ning,High-quality racket bag perfect for badminton enthusiasts.,Christmas,badminton,low
Wilson Tennis Shoes,Wilson,High-quality tennis shoes perfect for tennis enthusiasts.,Valentine's Day,tennis,low
Babolat Tennis Balls,Babolat,High-quality tennis balls perfect for tennis enthusiasts.,Christmas,tennis,low
Puma Gym Bag,Puma,High-quality gym bag perfect for gym enthusiasts.,Mother's Day,gym,high
Yonex Shuttlecocks,Yonex,High-quality shuttlecocks perfect for badminton enthusiasts.,New Year,badminton,high
Nike Goalkeeper Gloves,Nike,High-quality goalkeeper gloves perfect for football enthusiasts.,Christmas,football,mid
Polar Running Shorts,Polar,High-quality running shorts perfect for running enthusiasts.,Birthday,running,low
Puma Goalkeeper Gloves,Puma,High-quality goalkeeper gloves perfect for football enthusiasts.,Valentine's Day,football,low
Ringside Punching Bag,Ringside,High-quality punching bag perfect for boxing enthusiasts.,Anniversary,boxing,high
Under Armour Workout Gloves,Under Armour,High-quality workout gloves perfect for gym enthusiasts.,New Year,gym,low
Nike Training Shorts,Nike,High-quality training shorts perfect for basketball enthusiasts.,Graduation,basketball,low
Manduka Yoga Block,Manduka,High-quality yoga block perfect for yoga enthusiasts.,Father's Day,yoga,low
Manduka Yoga Block,Manduka,High-quality yoga block perfect for yoga enthusiasts.,Birthday,yoga,high
Nike Soccer Cleats,Nike,High-quality soccer cleats perfect for football enthusiasts.,Christmas,football,low
Gaiam Yoga Block,Gaiam,High-quality yoga block perfect for yoga enthusiasts.,Anniversary,yoga,high
Decathlon Meditation Cushion,Decathlon,High-quality meditation cushion perfect for yoga enthusiasts.,New Year,yoga,mid
TYR Kickboard,TYR,High-quality kickboard perfect for swimming enthusiasts.,Valentine's Day,swimming,low
Wilson Tennis Shoes,Wilson,High-quality tennis shoes perfect for tennis enthusiasts.,Mother's Day,tennis,mid
Gaiam Stretch Strap,Gaiam,High-quality stretch strap perfect for yoga enthusiasts.,New Year,yoga,low
Gaiam Yoga Block,Gaiam,High-quality yoga block perfect for yoga enthusiasts.,Anniversary,yoga,low
Yonex Shuttlecocks,Yonex,High-quality shuttlecocks perfect for badminton enthusiasts.,Valentine's Day,badminton,mid
Speedo Swim Goggles,Speedo,High-quality swim goggles perfect for swimming enthusiasts.,New Year,swimming,high
Specialized Bike Lights,Specialized,High-quality bike lights perfect for cycling enthusiasts.,Christmas,cycling,mid
Fitbit Gym Bag,Fitbit,High-quality gym bag perfect for gym enthusiasts.,Valentine's Day,gym,mid
Title Hand Wraps,Title,High-quality hand wraps perfect for boxing enthusiasts.,Graduation,boxing,high
Wilson Headband,Wilson,High-quality headband perfect for tennis enthusiasts.,Anniversary,tennis,mid
Wilson Basketball,Wilson,High-quality basketball perfect for basketball enthusiasts.,Valentine's Day,basketball,low
Trek Water Bottle Holder,Trek,High-quality water bottle holder perfect for cycling enthusiasts.,Father's Day,cycling,low
Arena Kickboard,Arena,High-quality kickboard perfect for swimming enthusiasts.,Mother's Day,swimming,mid
Spalding Sports Duffel Bag,Spalding,High-quality sports duffel bag perfect for basketball enthusiasts.,Valentine's Day,basketball,mid
Polar GPS Watch,Polar,High-quality gps watch perfect for running enthusiasts.,Father's Day,running,low
Victor Racket Bag,Victor,High-quality racket bag perfect for badminton enthusiasts.,Anniversary,badminton,high
Nike Training Jersey,Nike,High-quality training jersey perfect for football enthusiasts.,Anniversary,football,low
Everlast Mouth Guard,Everlast,High-quality mouth guard perfect for boxing enthusiasts.,Birthday,boxing,low
Giant Water Bottle Holder,Giant,High-quality water bottle holder perfect for cycling enthusiasts.,Birthday,cycling,high
Nike Swim Goggles,Nike,High-quality swim goggles perfect for swimming enthusiasts.,Valentine's Day,swimming,high
Spalding Basketball,Spalding,High-quality basketball perfect for basketball enthusiasts.,Christmas,basketball,mid
Polar Hydration Belt,Polar,High-quality hydration belt perfect for running enthusiasts.,Birthday,running,high
Yonex Racket Bag,Yonex,High-quality racket bag perfect for badminton enthusiasts.,Anniversary,badminton,mid
Nike Swimsuit,Nike,High-quality swimsuit perfect for swimming enthusiasts.,Graduation,swimming,mid
Fitbit Workout Gloves,Fitbit,High-quality workout gloves perfect for gym enthusiasts.,Anniversary,gym,low
Spalding Training Shorts,Spalding,High-quality training shorts perfect for basketball enthusiasts.,Anniversary,basketball,high
Specialized Bike Computer,Specialized,High-quality bike computer perfect for cycling enthusiasts.,Valentine's Day,cycling,mid
Puma Training Jersey,Puma,High-quality training jersey perfect for football enthusiasts.,Anniversary,football,mid
TYR Kickboard,TYR,High-quality kickboard perfect for swimming enthusiasts.,New Year,swimming,mid
Polar Performance Socks,Polar,High-quality performance socks perfect for running enthusiasts.,Christmas,running,low
Trek Bike Lights,Trek,High-quality bike lights perfect for cycling enthusiasts.,Christmas,cycling,low
Nike Shin Guards,Nike,High-quality shin guards perfect for football enthusiasts.,Birthday,football,low
Specialized Cycling Helmet,Specialized,High-quality cycling helmet perfect for cycling enthusiasts.,Mother's Day,cycling,mid
Victor Sports Socks,Victor,High-quality sports socks perfect for badminton enthusiasts.,Christmas,badminton,high
Manduka Meditation Cushion,Manduka,High-quality meditation cushion perfect for yoga enthusiasts.,Graduation,yoga,high
Nike Swim Goggles,Nike,High-quality swim goggles perfect for swimming enthusiasts.,Christmas,swimming,mid
Garmin Running Shoes,Garmin,High-quality running shoes perfect for running enthusiasts.,Anniversary,running,high
Wilson Training Shorts,Wilson,High-quality training shorts perfect for basketball enthusiasts.,Birthday,basketball,mid
Specialized Bike Lights,Specialized,High-quality bike lights perfect for cycling enthusiasts.,New Year,cycling,low
Under Armour Training T-Shirt,Under Armour,High-quality training t-shirt perfect for gym enthusiasts.,Father's Day,gym,low
Under Armour Fitness Tracker,Under Armour,High-quality fitness tracker perfect for gym enthusiasts.,Valentine's Day,gym,high
Everlast Boxing Shoes,Everlast,High-quality boxing shoes perfect for boxing enthusiasts.,Valentine's Day,boxing,mid
Garmin GPS Watch,Garmin,High-quality gps watch perfect for running enthusiasts.,New Year,running,mid
Gaiam Meditation Cushion,Gaiam,High-quality meditation cushion perfect for yoga enthusiasts.,Christmas,yoga,low
Head Tennis Racket,Head,High-quality tennis racket perfect for tennis enthusiasts.,Father's Day,tennis,low
Victor Badminton Racket,Victor,High-quality badminton racket perfect for badminton enthusiasts.,Graduation,badminton,low
Giant Cycling Gloves,Giant,High-quality cycling gloves perfect for cycling enthusiasts.,Anniversary,cycling,mid
Manduka Yoga Block,Manduka,High-quality yoga block perfect for yoga enthusiasts.,Graduation,yoga,mid
Sports Backpack,Under Armour,Spacious and lightweight backpack.,Father'S Day,Cycling,mid
Water Bottle,Adidas,"Durable, easy-squeeze bottle for hydration.",Mother'S Day,Cycling,low
Wristband Set,Nike,Sweat-absorbing wristbands for intense play.,Graduation,Cycling,low
Smartwatch,Garmin,Track fitness goals with style and precision.,Anniversary,Cycling,high
Pro-Level Shoes,Nike,Top performance shoes for serious players.,Christmas,Cycling,high
Sports Backpack,Under Armour,Spacious and lightweight backpack.,Birthday,Cycling,mid
Training Kit,Decathlon,Complete set for practice sessions.,New Year,Cycling,mid
Pro-Level Shoes,Nike,Top performance shoes for serious players.,New Year,Cycling,high
Water Bottle,Adidas,"Durable, easy-squeeze bottle for hydration.",Valentine'S Day,Cycling,low
Water Bottle,Adidas,"Durable, easy-squeeze bottle for hydration.",Father'S Day,Boxing,low
Wristband Set,Nike,Sweat-absorbing wristbands for intense play.,Mother'S Day,Boxing,low
Wireless Earbuds,JBL,Perfect for workouts with great sound.,Mother'S Day,Boxing,mid
Sport Socks,Puma,Comfortable and breathable socks for athletes.,Graduation,Boxing,low
Training Kit,Decathlon,Complete set for practice sessions.,Graduation,Boxing,mid
Wristband Set,Nike,Sweat-absorbing wristbands for intense play.,Anniversary,Boxing,low
Training Kit,Decathlon,Complete set for practice sessions.,Anniversary,Boxing,mid
Wireless Earbuds,JBL,Perfect for workouts with great sound.,Christmas,Boxing,mid
Premium Sports Jacket,The North Face,Stylish and weather-resistant jacket.,Christmas,Boxing,high
Training Kit,Decathlon,Complete set for practice sessions.,Birthday,Boxing,mid
Premium Sports Jacket,The North Face,Stylish and weather-resistant jacket.,Birthday,Boxing,high
Water Bottle,Adidas,"Durable, easy-squeeze bottle for hydration.",New Year,Boxing,low
Premium Sports Jacket,The North Face,Stylish and weather-resistant jacket.,New Year,Boxing,high
Pro-Level Shoes,Nike,Top performance shoes for serious players.,Valentine'S Day,Boxing,high
Pro-Level Shoes,Nike,Top performance shoes for serious players.,Father'S Day,Tennis,high
Water Bottle,Adidas,"Durable, easy-squeeze bottle for hydration.",Mother'S Day,Tennis,low
Wristband Set,Nike,Sweat-absorbing wristbands for intense play.,Graduation,Tennis,low
Premium Sports Jacket,The North Face,Stylish and weather-resistant jacket.,Graduation,Tennis,high
Smartwatch,Garmin,Track fitness goals with style and precision.,Anniversary,Tennis,high
Wireless Earbuds,JBL,Perfect for workouts with great sound.,Christmas,Tennis,mid
Premium Sports Jacket,The North Face,Stylish and weather-resistant jacket.,Christmas,Tennis,high
Wireless Earbuds,JBL,Perfect for workouts with great sound.,Birthday,Tennis,mid
Smartwatch,Garmin,Track fitness goals with style and precision.,Birthday,Tennis,high
Sport Socks,Puma,Comfortable and breathable socks for athletes.,New Year,Tennis,low
Pro-Level Shoes,Nike,Top performance shoes for serious players.,New Year,Tennis,high
Premium Sports Jacket,The North Face,Stylish and weather-resistant jacket.,Valentine'S Day,Tennis,high
Wireless Earbuds,JBL,Perfect for workouts with great sound.,Father'S Day,Football,mid
Sport Socks,Puma,Comfortable and breathable socks for athletes.,Mother'S Day,Football,low
Pro-Level Shoes,Nike,Top performance shoes for serious players.,Mother'S Day,Football,high
Training Kit,Decathlon,Complete set for practice sessions.,Graduation,Football,mid
Premium Sports Jacket,The North Face,Stylish and weather-resistant jacket.,Anniversary,Football,high
Premium Sports Jacket,The North Face,Stylish and weather-resistant jacket.,Christmas,Football,high
Sports Backpack,Under Armour,Spacious and lightweight backpack.,Birthday,Football,mid
Sports Backpack,Under Armour,Spacious and lightweight backpack.,New Year,Football,mid
Training Kit,Decathlon,Complete set for practice sessions.,Valentine'S Day,Football,mid
Pro-Level Shoes,Nike,Top performance shoes for serious players.,Valentine'S Day,Football,high
Wireless Earbuds,JBL,Perfect for workouts with great sound.,Father'S Day,Running,mid
Smartwatch,Garmin,Track fitness goals with style and precision.,Father'S Day,Running,high
Water Bottle,Adidas,"Durable, easy-squeeze bottle for hydration.",Mother'S Day,Running,low
Training Kit,Decathlon,Complete set for practice sessions.,Mother'S Day,Running,mid
Wristband Set,Nike,Sweat-absorbing wristbands for intense play.,Graduation,Running,low
Pro-Level Shoes,Nike,Top performance shoes for serious players.,Graduation,Running,high
Water Bottle,Adidas,"Durable, easy-squeeze bottle for hydration.",Anniversary,Running,low
Pro-Level Shoes,Nike,Top performance shoes for serious players.,Christmas,Running,high
Sports Backpack,Under Armour,Spacious and lightweight backpack.,Birthday,Running,mid
Smartwatch,Garmin,Track fitness goals with style and precision.,New Year,Running,high
Pro-Level Shoes,Nike,Top performance shoes for serious players.,Valentine'S Day,Running,high
Sports Backpack,Under Armour,Spacious and lightweight backpack.,Father'S Day,Gym,mid
Sports Backpack,Under Armour,Spacious and lightweight backpack.,Mother'S Day,Gym,mid
Wireless Earbuds,JBL,Perfect for workouts with great sound.,Graduation,Gym,mid
Pro-Level Shoes,Nike,Top performance shoes for serious players.,Graduation,Gym,high
Premium Sports Jacket,The North Face,Stylish and weather-resistant jacket.,Anniversary,Gym,high
Sports Backpack,Under Armour,Spacious and lightweight backpack.,Christmas,Gym,mid
Water Bottle,Adidas,"Durable, easy-squeeze bottle for hydration.",Birthday,Gym,low
Pro-Level Shoes,Nike,Top performance shoes for serious players.,New Year,Gym,high
Sport Socks,Puma,Comfortable and breathable socks for athletes.,Valentine'S Day,Gym,low
Sport Socks,Puma,Comfortable and breathable socks for athletes.,Father'S Day,Basketball,low
Wristband Set,Nike,Sweat-absorbing wristbands for intense play.,Mother'S Day,Basketball,low
Smartwatch,Garmin,Track fitness goals with style and precision.,Mother'S Day,Basketball,high
Wireless Earbuds,JBL,Perfect for workouts with great sound.,Graduation,Basketball,mid
Water Bottle,Adidas,"Durable, easy-squeeze bottle for hydration.",Anniversary,Basketball,low
Water Bottle,Adidas,"Durable, easy-squeeze bottle for hydration.",Christmas,Basketball,low
Premium Sports Jacket,The North Face,Stylish and weather-resistant jacket.,Christmas,Basketball,high
Sport Socks,Puma,Comfortable and breathable socks for athletes.,Birthday,Basketball,low
Sports Backpack,Under Armour,Spacious and lightweight backpack.,New Year,Basketball,mid
Premium Sports Jacket,The North Face,Stylish and weather-resistant jacket.,Valentine'S Day,Basketball,high
Sport Socks,Puma,Comfortable and breathable socks for athletes.,Father'S Day,Badminton,low
Wristband Set,Nike,Sweat-absorbing wristbands for intense play.,Mother'S Day,Badminton,low
Pro-Level Shoes,Nike,Top performance shoes for serious players.,Graduation,Badminton,high
Wristband Set,Nike,Sweat-absorbing wristbands for intense play.,Anniversary,Badminton,low
Sports Backpack,Under Armour,Spacious and lightweight backpack.,Christmas,Badminton,mid
Sport Socks,Puma,Comfortable and breathable socks for athletes.,Birthday,Badminton,low
Smartwatch,Garmin,Track fitness goals with style and precision.,Birthday,Badminton,high
Water Bottle,Adidas,"Durable, easy-squeeze bottle for hydration.",New Year,Badminton,low
Training Kit,Decathlon,Complete set for practice sessions.,New Year,Badminton,mid
Premium Sports Jacket,The North Face,Stylish and weather-resistant jacket.,Valentine'S Day,Badminton,high
Wireless Earbuds,JBL,Perfect for workouts with great sound.,Father'S Day,Swimming,mid
Premium Sports Jacket,The North Face,Stylish and weather-resistant jacket.,Father'S Day,Swimming,high
Water Bottle,Adidas,"Durable, easy-squeeze bottle for hydration.",Mother'S Day,Swimming,low
Premium Sports Jacket,The North Face,Stylish and weather-resistant jacket.,Mother'S Day,Swimming,high
Premium Sports Jacket,The North Face,Stylish and weather-resistant jacket.,Graduation,Swimming,high
Training Kit,Decathlon,Complete set for practice sessions.,Anniversary,Swimming,mid
Premium Sports Jacket,The North Face,Stylish and weather-resistant jacket.,Christmas,Swimming,high
Premium Sports Jacket,The North Face,Stylish and weather-resistant jacket.,Birthday,Swimming,high
Sport Socks,Puma,Comfortable and breathable socks for athletes.,New Year,Swimming,low
Sports Backpack,Under Armour,Spacious and lightweight backpack.,Valentine'S Day,Swimming,mid
Wireless Earbuds,JBL,Perfect for workouts with great sound.,Father'S Day,Yoga,mid
Premium Sports Jacket,The North Face,Stylish and weather-resistant jacket.,Father'S Day,Yoga,high
Pro-Level Shoes,Nike,Top performance shoes for serious players.,Mother'S Day,Yoga,high
Wristband Set,Nike,Sweat-absorbing wristbands for intense play.,Graduation,Yoga,low
Training Kit,Decathlon,Complete set for practice sessions.,Anniversary,Yoga,mid
Pro-Level Shoes,Nike,Top performance shoes for serious players.,Christmas,Yoga,high
Wireless Earbuds,JBL,Perfect for workouts with great sound.,Birthday,Yoga,mid
Premium Sports Jacket,The North Face,Stylish and weather-resistant jacket.,New Year,Yoga,high
Smartwatch,Garmin,Track fitness goals with style and precision.,Valentine'S Day,Yoga,high
